county,foodpantry_all,foodpantry_with_bus,percent_bus
Durham,39,37,94.87179487179488
Orange,6,4,66.66666666666667
Wake,91,45,49.45054945054945
Johnston,33,0,0
